,user,0,1,2,3,4,5,6,7,8,9
0,024f9b41,3.64413187732,3.77985689328,3.89564622448,3.9889772426,3.75544191039,3.45930583559,1.49577804464,3.98940610005,3.95967836167,3.33914263032
1,0348cbfb,0.333502555068,2.12670791128,1.4781595881,3.53485285412,2.99649670492,3.98247344053,3.87539556897,3.98794270891,2.34627352264,2.88529510947
2,035a3379,3.97083298372,3.2652580746,1.29473118489,3.03012204448,2.67277734304,3.55209240476,2.73267301449,3.54751582038,1.25073671754,0.213742272542
3,03bae415,3.47169743525,3.95423995541,3.98491240156,2.04658079967,3.90761527146,3.57249114836,3.89563331767,3.98919664913,3.10828694725,2.22407727649
4,03f1889c,3.34985725239,3.1061161313,2.63811602917,3.90729291637,3.59577349895,3.96322269989,3.76145118892,2.7930620736,2.9045279958,3.90197481151
5,051d7aec,1.71342319555,3.42139409775,3.66645556491,2.82691078772,3.98166054104,3.55791755755,2.94031100022,3.88325365014,3.86966536688,1.21919794686
6,0562f2c8,3.71417606068,3.43503080455,3.60341359143,3.58093153615,3.04877596338,0.854368935388,3.3957896795,3.92080272474,3.96232311096,1.02112191376
7,07346dbd,3.84346365087,3.05751338009,0.997936768041,2.40281102109,2.8674250426,2.63775951039,3.90528924341,1.36863625638,2.05655964972,0.264394501852
8,088d8fba,3.28285219188,3.97871368083,2.41897342598,0.678700560026,1.91922949671,2.71142105618,2.77808500244,3.94011424166,2.55387547941,3.56052338893
9,0938270c,2.68603653472,3.0119994098,2.38089676579,3.91777906938,0.527329124602,2.04985231625,3.97395417157,3.95589499554,1.16991760134,3.35665403999
10,095e906a,0.204346732606,1.32643942524,0.01589408264,3.28729385901,3.95413722221,1.43165584538,3.86009181557,3.28314932859,3.9703289349,1.22394083469
11,09a03cba,2.51045008958,1.50028667101,3.36200841352,2.30801233109,3.60682602994,1.70793826085,2.74750278048,3.9878379535,3.98841092596,1.86679569038
12,09a172a2,1.93178972087,2.42862433694,3.03140331336,3.51702736726,1.68703281373,3.62730709805,3.96962779395,3.70940746541,3.71936398758,3.78078379402
13,09ae2cec,1.8735635011,3.98581992124,0.881225387522,3.73401006363,2.66542376952,3.75206945502,3.89542037803,3.9776648902,2.97212587949,2.65441811268
14,0b319876,2.06787861541,1.89862181784,3.98521156833,0.610286878855,2.9339120535,3.60027296206,3.54371380105,3.74882357746,2.54182324051,1.54864320332
15,0b4a0a3b,0.0470009939525,1.49355338933,2.47260001461,3.51905725652,2.56040820515,2.47476409263,1.20779496784,2.62669836525,3.36544601639,3.46636519745
16,0b88ab13,3.90427111259,3.7178217445,3.83090028886,3.26878781574,3.98065939104,3.98939896635,3.59612939332,3.98849374697,3.23913767463,3.05577484025
17,0bad259a,1.21626011189,2.66172458474,3.96618409235,2.10848781937,3.70232100191,3.90353106852,3.98816470636,3.16544640801,3.44751973678,1.21450014246
18,1007e7e6,3.17947483606,3.92121233352,0.572559559424,2.56283034962,2.84929286241,3.89365918139,3.18091792656,1.18406911727,3.11316771124,3.63249581768
19,117305b8,3.93797453511,2.11635778817,3.11613880553,2.72397687961,1.62475480336,3.78806951062,3.94970398939,3.98613232062,3.92589521915,3.96712198608
20,13047705,3.45188312496,3.70302510012,3.11216532392,3.56831932523,3.79964267384,1.145750366,3.54075860256,1.33198754171,3.93156297136,1.56969874466
21,13a19c1d,3.59969341842,0.808044870993,3.11909928005,2.84350788541,3.36326822289,3.23058928183,3.95558258949,2.34937451632,3.98273048929,0.240000500325
22,13ae9962,3.97297114429,3.72113673335,3.65878543583,3.83539937131,3.75067064349,1.87582258391,1.45692121966,2.46480163626,3.79543320355,3.52682664457
23,14d247ce,2.93742701215,3.31409483716,1.13716769128,1.14562275131,3.98541110273,2.71782907223,1.28537427357,2.99703147007,2.70791316334,2.90528295157
24,180cb82a,2.22380095019,2.22174263193,2.99598095278,2.39914902635,2.19082424083,1.11074314362,1.90612541525,2.82941767988,3.91986407562,3.98379096991
25,18bf278a,3.79545865184,3.93208378209,2.44117907498,0.154629571873,1.09649144877,2.86726520498,3.92793565645,0.530466123008,1.56992546904,1.81447496215
26,1984abeb,1.62592391157,3.97142160423,3.3792451249,3.0029390441,2.2303349788,3.8814315425,1.21389645721,3.98098280598,3.88334772601,3.84738242138
27,1add4201,1.10070173304,3.22714292181,1.67486097914,2.6621728576,3.98939301144,2.12660152658,2.48245953,3.38478884978,3.72295411416,3.9844971965
28,1be9db29,2.54084574391,1.18633362354,3.28554313896,3.61778437905,1.68574392851,2.46682649507,2.48513437873,3.97337076802,3.58022555906,3.92676036012
29,1beca1ea,3.97332918894,3.09100935352,3.97821465958,3.74476104058,3.83162849864,2.94590954252,2.65983561271,3.78068458511,1.85273039954,3.98425361266
30,1ccc884e,3.94442058352,2.46566261696,2.32035039204,2.3770334892,3.8198227398,3.98825262925,2.08321894418,3.88950121264,1.47455945913,3.61278611895
31,1cf1f0b4,3.94584453265,3.97420129311,2.22233269594,3.75648431787,3.55115240062,3.92175509701,3.91350578708,3.08412042215,1.22101902668,3.20553881931
32,1d390905,3.32929816709,3.5233062784,3.40828132072,3.98931083946,3.53940195509,2.57055911912,2.92242508189,2.2815653556,3.39192180512,2.89370832376
33,1db71a32,2.82478654079,3.97080732547,3.41752575051,3.98154322802,3.86732230469,2.36725960527,2.23548771052,3.79252510092,1.67308914789,3.55313814172
34,1e70f912,2.81979909475,2.45802904708,2.6631961796,3.85246020916,3.9887928371,2.60368465533,0.955698024898,1.43823774825,2.26015511394,2.81979236342
35,1e855d6a,1.01479928237,0.687851859967,3.51014705235,2.66897107779,0.657941339751,2.28376730762,3.40661453296,3.71515379767,2.53725570454,2.77952823255
36,1f69efcb,2.92683967168,3.31760151685,3.98072425442,3.19600646899,3.09088554776,3.54129105018,2.5857014069,3.16768561016,3.91462506324,3.46058990293
37,2062e27f,1.68406602975,3.48698984821,1.45609201199,3.66077150319,2.10355407434,1.54242474788,3.09631437641,2.66938340093,3.10825255235,2.30203067785
38,20b8c94b,0.723337537014,1.4419280825,2.85246746561,3.76669944967,0.699567928942,1.32327951697,0.287426750219,2.77058838864,2.6209587628,1.32045570579
39,2104a9e6,3.58669242867,2.11572815082,3.8955525126,3.28051530806,2.96220311357,3.76651395384,3.76082160872,2.07092842397,2.86220268812,3.97694449592
40,213a72cd,1.13716843125,3.2210222024,0.157895967034,3.90147813418,3.92581380464,3.94299563286,3.06749980767,1.66865766812,1.96878643774,3.29989394103
41,2533034e,3.89101815305,1.18071110287,1.6822344773,2.94972426452,1.88145386491,3.23291761882,3.74104295167,3.80328127975,3.22417864377,3.68370440421
42,259f1e46,3.76817413029,2.02237855615,0.699336347909,3.92280226258,3.98932900449,3.84609759086,3.98026866642,2.53364586442,3.94995695263,3.8377573949
43,292bc413,1.76346901615,3.94828331758,2.76714938974,3.95145346081,1.82760369555,2.64026740048,3.02603064408,2.99211253337,2.98148790568,3.77350830006
44,29823972,2.29727520589,0.900276858686,1.83269657513,3.98117682586,0.363285321354,0.702691778164,3.85905009008,1.58159073743,2.24869281063,2.7642065517
45,2a206661,1.49202367474,1.38442889445,1.61046660897,3.49649100793,3.98391150523,3.61616526283,2.0405359442,1.68978197702,1.82712647633,3.97743354995
46,2b9bc082,3.59926057053,3.9222329988,3.3094895667,2.81380705557,3.15469524563,3.90030290595,1.4128425434,3.08513421826,3.95148580732,3.09382129948
47,2bf14445,1.17844357578,3.53164348081,1.9376556417,2.82943370603,0.227747622966,2.35795413516,3.25906241301,3.59525865234,3.98518224662,2.64189153833
48,2c3da687,0.496465370455,3.84726953836,0.803244636687,2.46090866438,3.39947540342,3.96745284229,2.32156782954,3.43872740731,0.93814942631,2.92182871386
49,2c5d4e02,3.60164810379,3.6995931743,1.97999809379,3.17469218045,0.622685904786,2.54057062826,3.2996989614,3.7719709596,2.40409715945,3.3804892798
50,2d79814e,0.385861346497,2.87644309356,3.65736925553,2.22006227657,3.78315972829,2.39075759428,3.46967870457,3.98264306808,3.94207713923,2.2306311597
51,2df64a78,3.43457095441,3.632879844,2.30632269963,3.97464355226,0.221597368333,1.62921982474,3.9757490574,3.97009499865,3.39372137076,3.37332664849
52,2e99f459,3.15995695727,3.94264500567,0.267684379314,1.73123927474,3.21420744589,3.57472714311,3.47441544446,3.7097457094,2.97482546207,3.3441773499
53,2f4db66d,2.6774081321,3.37409561819,3.97566853616,2.56370517215,3.07353361151,0.573012032153,3.28888947059,3.86038041511,1.4954700336,3.4833803501
54,2fcb5ae3,1.91366744901,2.51325163804,2.06995009569,2.91761137129,3.85656186011,3.97486109355,2.2883257389,1.47613052318,0.517998813588,3.98938042438
55,302e51ad,3.37701155993,3.76914705125,2.08976314219,2.81258656817,3.938410716,3.989420115,3.98347428149,1.96992698621,3.97548159457,1.22051854517
56,30429aa0,3.94302267339,1.68824594917,0.00121191219491,3.86151144156,3.27076625518,3.94274314236,3.17166507366,3.38740205025,2.93057420261,0.666805407828
57,33422d3f,3.69285839674,3.78170292388,3.91402841543,2.91629117989,1.34953732457,3.64223537982,3.5833409233,1.26343689883,2.33347765198,3.11004159537
58,3415287f,2.99257853713,1.43453892717,3.9802734406,1.4064240984,3.46056896973,2.0190683641,3.9875324035,3.965751916,0.879175246023,3.56885168814
59,34731936,3.98938288591,2.9336530054,3.51708120723,3.9103342157,0.398909774814,3.84973248,3.08514394612,2.62137711953,3.35041882147,3.98471752679
60,36dc5276,3.39991793912,3.97336453237,3.31599340587,0.323170965552,3.10209998716,3.62929860367,2.86903536374,3.92030902233,1.15271027929,3.59799635477
61,375abddc,2.13233223672,3.69305635937,3.45438041583,2.84442418536,0.731279655485,3.06903419907,3.5823756241,2.4020365107,2.58672893465,2.36955717689
62,376f6a4d,3.43206724275,3.98942225358,3.82732777094,3.68858817018,3.69981580812,3.96969892184,0.0120748244972,3.93942563562,0.261145983664,1.91324533025
63,37e8e1b0,3.92910633166,3.62064264156,0.961697720956,3.14407595708,3.71472613996,3.87904145815,3.96547119574,2.6471536212,3.58054173756,3.8684056998
64,383b456d,3.13491528331,2.06691141411,2.32990993502,1.91243748314,2.12620806245,1.64402957399,3.80500616951,2.62093426971,2.063735299,3.21247144889
65,383e0763,3.7181093234,3.58042246741,3.48522256719,3.95815429125,3.22190784459,3.52518387854,3.15605486223,0.565887810135,3.78645785798,2.12372543503
66,38db0041,3.94122953703,1.05553424334,3.11518216427,2.60435478932,3.90667012027,3.08917224332,3.68065180205,3.98817911354,3.98786109205,0.227636656254
67,398ce8ac,3.54046890516,2.75202735523,3.98445575383,3.16742138857,0.873838425495,3.44170285767,0.273614568003,3.82899129849,3.09403164997,3.97722282198
68,39904b32,0.61063640281,3.51280286255,3.95451776026,3.93833898836,3.49316278447,3.84693368495,1.50785201639,3.76222677395,3.36669422441,2.73326930566
69,39ce3314,3.96262260623,2.0436215124,2.77012409826,3.27714087373,3.46819424171,3.98799125581,2.27290806744,2.52905307739,0.946339855156,1.23589882617
70,39ea6b38,3.50919089901,2.44327060932,3.97176089867,3.7416443968,0.650168913871,2.84297893369,2.99563814096,3.94867908244,3.75626703875,1.56782833382
71,3a0f3a43,3.26489868459,1.97046167701,3.95278475102,3.90567923156,1.9527934246,3.20721038354,0.372493282852,3.0993738667,1.81716891053,2.19597096908
72,3c0f97c8,2.81113646698,3.94029492117,1.64269425361,2.75707355929,3.26166497092,3.39152967912,3.93933405901,3.80106270374,3.80963349851,3.17705471535
73,3ce2d674,3.94498245738,1.21018236367,1.94822028144,3.07337950897,0.718095008234,3.98080492497,3.86068342489,3.77734369045,3.81711962305,0.284420686856
74,3cfb0697,3.83415057968,3.60474242875,3.98740061676,3.82275200311,2.62831935165,0.241600501524,1.2965617421,3.96474867423,2.01780499413,2.54398868579
75,3d22ca20,2.99025401072,3.68645189491,3.98705758607,1.66867492164,3.64978053811,2.62816958629,1.54387025898,3.40678185252,2.6745154017,3.98842713
76,3d6ec193,0.581242473666,3.98874403206,0.569874128705,3.93503789176,3.11276840292,3.6654775173,2.10496504678,3.96979989777,1.69558005274,2.52233784371
77,3deb6985,3.69804210043,3.58886702152,3.77755368661,1.14765599959,0.907858182367,3.38933376833,3.06163745645,3.80169923079,1.5590733854,3.68824719786
78,3ecf1c0e,3.31442724979,3.98928662957,1.16980720116,3.46081279226,0.0604131138559,3.96698741877,3.74232574052,2.17762543139,3.97661369819,1.76252741136
79,3ff2f976,3.42227383215,3.70657068714,3.93042205599,3.81844178305,2.67937250482,3.7349650068,3.66992740949,3.86355200364,3.91963998231,3.94517252868
80,3ff37b13,2.58856838254,3.11454540369,3.98115823149,1.68765011937,2.78582375449,3.71342492374,3.39764171627,3.80329547957,2.37976680442,3.57771796745
81,40695b15,3.11587390682,3.79889864025,3.93319113411,2.04180341852,2.20587430617,0.731798893425,3.01119460984,3.65698450947,0.728110597895,2.1019151472
82,40a4e182,1.61918752996,2.84016301641,1.57118317354,3.97902020791,1.14286956562,2.88149696233,2.52297801564,3.85030490714,3.28772706099,3.15336317533
83,422ae818,3.58408988645,1.14486053136,1.05303371881,3.9670289679,3.13366986969,3.72872158527,3.98940121519,3.55334528215,3.64702872367,3.83001041213
84,43813e51,1.98252372736,3.96672057763,3.97981954562,2.90217766506,2.21589957527,1.84983974223,0.709277072812,2.32581287247,3.68252994702,3.90413605367
85,4525bc5a,0.0367990910092,3.68516974275,0.938888995382,3.55302552367,3.97790772428,3.89269081043,2.26174052269,2.75303161598,2.95548145074,0.469622732934
86,466e8b6c,3.86298551035,3.88443693257,2.67924329629,3.95345263118,2.41414557908,3.96156624775,1.65969577057,3.96805907538,3.38855608396,2.93064608331
87,46887b11,3.97606408711,3.82745514052,3.52585318565,3.0194258637,2.22060623232,3.98587421616,2.78818905952,3.95080715267,3.4883194632,2.56872689041
88,47d7d37f,0.928875169807,1.04283149262,2.95956196706,3.39747765198,3.91449140697,3.07158020382,0.27994236056,0.0795366472556,2.75553058247,2.46051177651
89,499de6fc,2.3578042305,3.91563926238,3.62126550045,3.47480328867,3.24840052416,0.424001846353,1.54000790286,0.25096435284,1.10317185,2.47268734364
90,4a549335,3.91571862892,3.39327507265,3.58923378782,3.79157633959,3.17976557802,3.98762453431,3.86902779556,3.82636526021,1.45377718671,3.95026705015
91,4b27cddf,3.14462692668,3.05556635093,3.96770011852,1.14121872677,1.99462964932,1.65565939892,1.09920776496,3.28189454663,3.8601093251,3.86752087865
92,4b6be2ac,3.65125982131,3.86419629127,3.73410541194,3.43656823577,2.59047093522,3.82622350972,3.98926863211,2.99357458244,3.47722691187,2.71837293105
93,4bcf4dda,3.98807665657,3.88571437511,3.55941086351,3.59029428369,0.54620630806,3.48320179666,3.93262046487,0.159903988544,0.599467884217,3.7618284923
94,4d26ce94,3.51831169887,3.87179443526,1.03133443712,1.093030947,1.93579036205,3.91135034938,3.73265266063,3.96128262337,3.93914114812,3.79338374182
95,4d308853,0.482038967203,0.707580178546,0.758081566494,1.81734584034,1.50249939208,3.30787682326,2.54668782562,1.40092874717,3.62491703952,3.42321017386
96,4e74e26a,0.697698677048,3.73297576303,3.97949486841,3.96050127053,0.322849129277,3.75522403772,2.7246368274,3.76341541396,2.29907920619,3.31330018911
97,4edbdcd5,3.19398764882,0.196766951329,3.6708976664,1.71101143255,3.68800929108,3.86192554022,0.664792074209,3.52759496348,2.46620246273,0.248748485843
98,5022042f,3.97081483223,2.17269420096,1.99082451688,3.90639923448,0.66164289989,3.702401235,3.10447673998,2.64623104647,3.73710622966,3.96919583563
99,50e5bc3d,3.66865539817,3.51692049645,3.22253577843,1.62975355565,3.56210215349,3.48246247237,2.79046215792,3.9890051224,3.27996651934,3.98941901134
100,5110deba,3.81294941037,3.74356055612,3.7455250396,0.783240406528,2.08917763213,3.8700174895,3.96254178699,3.09158675275,1.34652546077,2.24048181947
101,51842ff4,3.22641238229,3.56002674206,1.4241727011,3.29996771621,3.98863593734,3.58131269222,3.90828443938,2.82702778951,0.272524161796,3.32814341533
102,519effbd,1.69709320609,3.86687727308,3.52006148365,2.53415717498,1.89725093394,3.98773270832,1.39747139958,3.98683034277,3.64322869877,3.65064321488
103,529aa1a9,3.14599386992,0.970767141049,1.8423693205,3.95917653251,0.274735120618,0.167912816143,0.87581966392,3.08533294592,3.70846481624,3.20563554348
104,52a4df69,3.90534088326,1.77080686747,3.5482185516,2.30886298354,1.33409178335,3.96622925506,3.78578709425,3.97810544784,3.27999915142,2.86349830422
105,536bbc30,3.84230979,2.09446769341,3.89217759706,1.22638706505,3.61488666477,0.301089148586,2.61840383663,1.37989286971,2.08752910531,3.22199656189
106,542dd41b,2.23777244279,2.95987713131,3.53717932573,3.01400194321,3.95226901374,3.31338152502,0.421008511522,3.9361172453,3.94949081622,3.91382431028
107,544b21dc,3.98912662198,1.29609501197,2.87393588462,3.9460512147,3.90633557723,3.53019452428,2.28871266457,3.87663857232,2.5635192647,2.36467932925
108,55408d21,3.34727754587,3.95942947518,3.98674847212,3.94322176959,0.931471695502,0.999922182958,3.34203988584,1.67538329832,3.63301230104,3.12578190734
109,55b5aa7c,1.43004028116,3.19856988901,3.73266999092,3.65989659883,3.31194231246,3.98447340829,1.43560633876,1.85055907339,2.37180672391,2.62972374001
110,57b0927b,2.817232275,0.697343942664,3.8719259354,1.85745452698,2.49937354564,2.68997004378,2.10653259435,3.05146343325,2.20490876321,3.8585838745
111,57b36c16,3.53971002561,3.91960574154,3.83029550486,3.01523542475,3.89146408277,2.40387297193,3.65068483699,2.12771557426,3.82592165525,3.03467401752
112,580c103e,1.08646489832,3.88374147582,2.39931503573,3.7146403749,0.752831392786,3.37757114517,3.42444767996,0.708186280245,3.17428124128,3.83318813738
113,580eda3b,2.84696982856,0.700732145526,1.05284330355,3.68917032414,3.61609848796,2.7890708173,1.12627077512,1.53606658973,3.82758925072,3.79236757174
114,5959e754,2.73580692399,3.36659615932,3.56917973905,2.09018567769,3.10340427098,2.79935258051,3.15760797897,1.2035801611,2.30255188578,3.04220069306
115,5b71ca79,3.40606024917,0.0944768340449,3.96652916858,3.98936874169,1.98953454335,3.95749674296,2.83014507105,2.40106315092,1.20930660169,3.77728253843
116,5cc9eb96,3.95160037953,1.31182247652,3.69442890303,2.92968553197,3.17380375163,3.44781698826,3.94313607424,3.96824706298,3.9622710302,2.69998007039
117,5cedda2d,1.66240123947,3.54683820616,0.178756455093,3.48149192497,1.82108922157,0.55348606909,1.1473674297,1.83813237895,1.12610480642,3.41519216027
118,5e350f95,3.92966703983,3.51195974766,2.84759816747,2.48445731418,3.96519403491,2.44461940974,0.715315062221,1.24197645554,2.75705334726,1.66257381154
119,5f33843d,1.90109392466,3.80929482104,3.74795469727,3.92050970452,3.50517428038,2.94181774894,2.62477468665,3.92385175477,3.98090556592,2.87876818514
120,607a66dd,2.88571612338,3.16952637821,3.59543583438,2.77266979567,0.698868615896,3.75550892043,0.830247387201,0.406809622761,3.87682798955,2.83659112382
121,64a67150,3.54151639525,2.53111850748,3.72985484053,3.12043209789,3.94887272663,1.63877604568,3.81349031349,2.92095418742,2.32048488574,3.98866092794
122,64dcff1c,3.53223962272,0.375073704521,3.94187924077,0.692519730756,3.98771124244,3.98609339383,3.9622570956,3.94309411345,0.199973341186,3.56372589531
123,651d221e,3.35049339515,3.88749253274,3.09041966021,3.98529838816,0.521064605205,1.4412952921,3.69351582067,2.32691222848,3.57250208516,2.97384747796
124,656a837e,2.95951012808,3.74486853667,2.55868724869,2.06250784001,3.42128251671,3.9702703851,3.90168841355,1.13829355448,1.56515357951,3.96039096715
125,671cc4ab,0.0735147755206,1.63424539458,2.64643483933,3.53434378353,0.517279170879,2.59161166271,2.88490773836,3.24685197752,3.11276010886,2.47986229588
126,68f7523c,3.5703138103,3.4804190311,1.74128073473,3.3846023637,3.82078977599,3.69707112145,2.07180367869,3.92690594681,3.45880777579,2.94239723946
127,6ca7cbd8,0.779614933045,3.55840377065,0.352712826175,3.46540429848,3.76627316898,0.293127354325,3.40630942291,3.75118489932,3.44225259616,2.79621114577
128,6d114649,3.30975294265,3.08074533634,3.82269769193,2.70394600098,3.84673710575,2.20849586733,2.28094404846,0.764636288238,3.09972290373,1.25533502872
129,6d668d38,1.733913449,2.18071589536,3.68443068482,3.62529784871,2.63608534433,1.17636724077,2.76527683885,2.2139332942,1.8280215845,3.70408715782
130,6f876027,3.68189817387,2.54208017985,2.18066453186,2.06891781018,1.4747842626,1.01344786072,2.54155517266,1.69147361238,2.95532322619,2.66923171372
131,7029ad69,3.23861585661,1.20099084746,3.33259202254,2.66557380884,2.45501387092,3.87969433825,3.66483958221,3.72113452114,3.97828095442,3.98853648826
132,707661d0,3.51047059999,3.82421946088,1.75029711937,3.25618611449,1.57420255443,0.968246311356,1.93149311593,3.97228289267,3.81436315969,3.66062572447
133,7103a4c0,3.73386103638,3.84534290005,3.81766112305,3.9773944905,1.69376269256,3.98907222971,3.42096946943,3.42987698039,3.90263776606,0.111146068355
134,71220097,3.50198370801,2.17241313375,3.65737028321,0.48672912679,3.62153007876,3.96589746226,1.13944488357,3.06496752842,2.58115427581,2.15407939155
135,71222ca1,3.94967281587,2.25798532036,1.07530177925,0.432414579842,3.98727107856,2.71063091689,3.94839122677,3.62106708401,3.30495604075,3.42918079292
136,7131a122,3.95840980754,3.98939882473,0.469963211336,2.75810854915,3.34581581377,1.92611272601,1.85036225551,0.676943453336,2.33304386977,3.20926024887
137,71d0c6d8,3.82982381752,3.96928216065,1.77148543185,3.5691815604,1.10379023068,2.45289573904,3.52351217965,1.87213286334,3.73186589342,2.85184590629
138,7267ada8,2.99066226285,1.42551263955,2.75450327884,0.583467589952,2.72852105659,0.92441541667,2.2982506296,3.57029673567,2.66366064196,3.9851047296
139,7366da55,3.67337393501,3.83373481923,0.822629536546,0.03578463829,3.64112769071,3.02715448998,3.98604585824,3.68171135833,3.98517613199,3.24462202683
140,7409f2cb,3.41070736363,2.20147433527,3.98477411717,3.79484349679,1.71473158278,2.6883695029,3.60071768851,1.06589654417,3.68591080867,3.6402245853
141,7526c714,3.28486040896,3.14697133779,3.98891676127,3.90270860952,3.91861240989,3.12705142955,2.15702314749,3.66882222599,2.51247772139,3.82917262212
142,771bc3f9,3.39447507034,3.6023765146,3.83223759605,2.57767159587,3.89045277159,0.576483515415,3.15865641502,1.52214931615,3.35554814163,3.6633628333
143,773f5ac5,3.15390019451,3.8929381888,1.04980329068,3.16931822172,3.08181558981,3.92860738469,3.93110024991,3.88694958999,3.60078146911,2.08755619448
144,7821101c,3.08115454341,3.03902135074,1.32796758569,0.0297589745532,3.98729295124,3.59730729336,2.01140147432,3.9553143367,0.831132693963,1.72605891244
145,795a4d65,2.3885135293,2.54059949236,3.90709065257,3.78123543454,3.142672159,2.51162388647,3.97580496636,3.58374101395,2.59515210636,2.43047317823
146,7d9664ab,3.98037135458,1.87010218337,3.02687462096,3.07437391703,3.21641993494,2.89339699405,3.83128577259,3.64483633391,2.36816256399,3.4825383124
147,7d9a04d1,3.3169767083,3.80297135332,3.29516077125,3.9159289386,3.87183880766,3.80000443068,3.58754956324,3.86337816281,0.537439484299,3.32524018748
148,7e5267e6,3.98594759894,2.18096940744,1.69297153206,3.30316724265,3.70371348565,0.78967620019,1.08169667028,3.98060385357,2.56579278051,1.75645198603
149,7e64632e,3.667041659,3.98102117159,3.63712741136,1.55779730725,2.04506797467,1.17012286368,3.60702752523,3.0553077356,3.31500030242,3.5489573757
150,7f3e4dc2,3.01484839948,3.65252120486,3.84425813442,3.07662304556,2.48349489831,3.12783906136,3.98609553492,3.21843080256,3.23862600827,3.26998951165
151,7f532a93,1.82394103584,1.79750712636,2.9551394626,2.45773861459,2.76971675022,3.74658949113,3.25993433349,1.10803134924,2.56486970404,2.09848505597
152,7ff4e9cf,3.24270822593,3.92485930759,3.92033975709,3.39328308472,3.76865098758,3.9625938027,1.3764928215,0.930033426892,3.91034796678,0.258892744254
153,82cf3edd,3.65842573198,3.57705444389,3.96179864302,0.379718868177,2.94900275394,0.926641298467,2.58178614272,2.04198948807,2.6573554046,3.69738291188
154,82d9dfa8,2.03943309826,3.98570425605,2.30272981013,3.45284249579,3.47989492131,3.6557298539,3.97505748466,3.12961124054,3.5211744469,3.01388739349
155,834eb9f7,3.98088732065,0.165181725741,0.193638708756,3.67885533795,0.966698929424,1.30257648239,3.14748461856,3.74059733385,2.31599759439,3.91025887959
156,83be86c3,3.97683351032,3.93254996118,1.5353356753,3.63306075473,3.65790234854,2.1850741098,2.75928934276,3.22530120126,3.97293285318,3.60139848471
157,8456b37d,3.35821548633,3.9446502772,3.73946910969,0.492780847334,0.609139807937,1.67901877029,3.70199539853,2.20196227769,3.76421554064,2.58119312094
158,86a87042,2.37752101405,3.1192734074,3.98427648644,3.71945154183,3.11474708264,3.01761920363,3.28132208434,1.48166191263,1.03067140593,2.77901247668
159,86eddd31,1.13988081081,1.4426321663,1.81706228654,1.55064980998,3.74499343055,2.36605968306,3.4296279822,3.97423784213,3.89063456925,3.18329506313
160,871962ea,3.34265078056,3.7689197272,2.12104392012,3.10214735183,3.97752920237,3.7887102616,0.111524647114,1.84441449061,3.08539443987,3.79395430481
161,8a02b0d7,3.83675355794,3.83850261559,2.45108388277,1.33777415415,2.25805361727,2.69716893287,3.74026342227,2.83192321888,2.35708927753,2.08856743164
162,8ac622d6,3.62917655664,2.48152878877,3.9580219604,1.72625322547,0.456275677683,1.12160781827,0.797345384079,3.42305395575,3.88878772417,3.00495619953
163,8b87290f,3.80246567072,1.21158165264,1.82564192883,3.16962142205,3.97449375223,3.41776375419,3.84834611874,0.595472925491,3.98916530017,1.48563204693
164,8d97cfbb,2.6675021174,2.49919152001,2.61099510898,1.64497907375,3.0882468796,1.38977894939,2.30594365819,1.15223046101,2.73967331973,1.49653761644
165,8e098ca7,3.55907933669,3.55247326963,1.52130229183,3.89257217299,2.14524410017,3.92131385825,3.94608439568,3.42426777285,3.06149318433,2.53334468781
166,8e5a75a5,2.96791725556,3.4980985379,3.82938076468,3.88317512701,3.86511751665,3.63648550263,2.5476495807,3.94788862253,3.68657400607,3.81263484751
167,8eb36679,3.98280022063,1.35573959013,3.64024914387,3.76364227007,2.27247569918,3.26624057111,3.73476752973,1.83460077999,3.74671375586,3.13872275784
168,90913aa9,3.98477102259,1.61731442611,3.98431084059,3.30023590157,2.08944286409,2.02061951615,1.09174615554,1.48975047819,3.98779423693,3.96111120192
169,918aff3e,3.73758920654,3.62519291032,2.01654944662,3.78225452335,3.10926754412,3.4962570633,0.985588988302,3.52826027785,2.57863981987,0.245099531608
170,924b491e,3.88251446918,3.91784909096,3.98429066459,2.30101432249,3.18577021005,3.98940451479,1.68197644821,3.86745731757,0.426225863827,1.19576384708
171,925384b2,3.94609606694,0.92498828906,1.25464994541,3.40712553875,3.87437703683,3.66692243619,3.53139505924,3.28417238009,1.80624521133,3.66660950214
172,940706d0,0.461559362801,3.03747080465,3.88052164958,3.36240960701,2.94782179793,2.78959932281,3.94871004943,2.27700073271,3.59154621259,3.95779623908
173,942f3998,2.2369456128,3.85732705646,3.8041035885,3.43957418269,3.7292694018,3.32999155425,3.98902259354,1.47620391163,3.23024502841,3.52659836855
174,94a454a0,1.97883703662,1.87573557085,3.31702631712,3.98938156211,2.67564816281,1.25796857979,3.52932006849,0.995912307718,0.997859451889,3.12564004316
175,94de5ac5,1.94168417257,3.93787785438,0.791338662781,1.46701827295,1.38857942265,2.19934903144,3.16473243599,1.2812448078,1.66465823922,0.552559244889
176,97c5e310,1.88710315147,3.23861716702,2.07661497293,3.38690452765,3.90692741908,0.815672949181,2.8309422454,1.07981220786,2.68500226209,3.63187943496
177,97e27660,2.89398905754,2.36352617123,2.17691661865,3.01996768148,3.6010574497,2.29895783204,2.92122664504,3.39330702979,3.38383209093,2.15662909243
178,98c7bc16,0.947742518219,2.62523241572,1.11772465642,1.7187104001,3.97258846649,3.86647868027,3.94256199262,2.04612656597,3.96244380384,3.77970328099
179,9b6a3712,3.96774638006,3.21602837701,2.77375394493,3.98795124048,3.38341751506,3.98752630852,1.57943375435,3.78497270544,2.4342915573,3.6135251663
180,9d579463,3.81621267549,3.54025740375,1.28289631346,1.38057262193,3.53145268077,1.25238473632,0.51379648226,3.85727929575,3.5673247668,3.7307412864
181,9e32217c,3.91188106476,3.76454122379,2.66864249103,2.97085500139,1.32956534378,3.88196143303,1.97783275089,2.49059623567,3.69059853197,1.08187143953
182,9e929231,3.80219446141,2.76482172213,2.35543621775,3.29478126324,1.98791594643,3.98817124491,3.81729701837,2.90561845692,3.98341008341,3.24049165005
183,9ebf6d93,3.92182524143,2.42013342853,3.75904991292,2.53632735987,2.40968129284,1.70135966717,3.94714421711,3.1477447967,3.88865244522,2.69714138613
184,9f17efa8,0.895105251561,3.48971656325,3.88379564618,3.88916883228,3.98357512965,3.68126303383,3.46612087147,2.76304859771,2.24073164843,2.808802955
185,9faf5aeb,3.98280106203,3.8993171197,1.32704561966,1.11374815957,1.04919340376,0.639819150345,3.37759354305,0.966035404799,3.56879470835,3.93800887436
186,9ff94413,3.94900458189,2.7693174519,3.57606834241,3.16570523066,3.61187974601,3.98278892246,3.94015730035,3.6741029914,3.52663030183,3.40770777425
187,D090ba22,2.81460078003,3.29447128501,3.08375461029,1.20617745121,3.50279706136,3.80733803567,3.95183662544,1.87409244876,3.97081503874,0.321526308959
188,D0c4438d,3.95712634537,3.75373414402,3.52540060288,3.9867864675,1.56500122255,3.91028609182,3.40098148637,3.08802067086,3.97821296709,2.02865713054
189,D0ee2b24,3.7055785703,3.61278346905,3.77935684434,1.54446234141,2.31731138224,3.8210189801,1.61966013077,0.87623869922,3.6601750012,3.027332674
190,D11912fe,2.01785699593,3.89212370474,0.816112395359,3.05244035094,2.35320795447,3.7742199311,3.71664907382,2.46815964015,1.84347225924,3.44004410626
191,D153b121,2.65762766017,3.98785931618,3.92379340387,3.98941922457,1.37974268424,3.79919115011,1.12284432893,3.9851748348,1.69095594742,3.52907588512
192,D18fefdf,3.88308383571,3.98453847641,3.14940338492,0.305150424147,3.70792169534,1.27152345853,1.96303818851,3.80853567812,2.08272722221,3.91254110951
193,D1e12b32,0.624558976327,3.98462872617,0.664455701191,3.989011301,3.95323648332,2.80620124267,3.93296979681,3.69139170819,3.91406595057,1.70819908952
194,D20592cc,3.47531241386,3.94178701748,3.98665218004,3.56884510463,3.72453150731,3.23437289962,0.622846643283,3.91204370752,2.59452940169,3.98544105945
195,D22720cd,3.71427809563,0.361117060875,3.69701183451,1.39543938411,3.95292839712,2.3461668731,3.98737679797,1.31980508885,1.72166156179,3.92250272776
196,D230eb96,3.23024670015,3.43153386744,3.49867027787,2.06459313328,3.19603001793,3.98739825855,3.98905977146,3.05412728007,3.68276705861,3.81391360185
197,D24f81da,3.98813202032,3.60395257952,3.11310600493,1.79884631646,3.98696356569,3.98942248009,1.70581040277,2.06634826154,1.21058932563,0.960813796076
198,D2620b94,3.98867225732,0.615606316119,3.8089106301,1.43929651354,3.83161340396,3.01351834704,3.07715093005,3.38518256391,1.62064740136,2.38125048218
199,D27b5d36,2.45880951624,3.92148664087,2.72929260951,2.95664463783,0.76308884742,1.21875749924,3.50154381358,1.31628611139,3.24498830513,0.23291390619
200,D2abe320,3.98798707508,1.22961508034,3.82663143058,2.21827445473,3.60375374537,3.77544052388,1.69659690403,0.860556686842,3.89787561777,3.46840807546
201,D349d3e4,3.18915477153,3.98768322196,3.95743473463,1.72999528225,2.12112948931,2.89035073006,1.57242303564,1.102988674,3.98602287407,2.74771483746
202,D39ab490,2.50866592891,3.32818077818,3.8798240435,3.88597575046,3.79366062392,3.98650951555,3.94029241182,1.37649371049,3.44267218055,3.66522742685
203,D3dd2e18,3.93468085751,2.52537461836,1.41805949037,3.59167020129,3.79770215801,3.76304063438,3.58613701098,2.76998403716,3.9709011129,3.29854974184
204,D3dfe4a5,3.94887262567,1.62699304082,3.85929598496,1.44526111995,2.29836980877,3.15607259324,1.77379462033,0.713004718804,3.96643308489,3.98847949043
205,D48eea73,3.69710767232,0.196175548887,3.85242897743,2.93974975291,1.56902959984,3.6486329583,3.84578846486,3.67446546095,3.93810102767,3.98908888931
206,D4915b96,3.42591645758,3.1581613309,2.95576959873,2.16623247092,3.87901500327,3.91973483855,3.51773808205,3.66400218243,3.97916600078,3.95044010361
207,D49a048e,0.405671922105,3.9757799471,2.41910561322,3.93381546456,0.523723693321,1.46520958751,3.90140839147,1.36311251529,3.85264200969,3.92430390924
208,D4ed72e8,2.69769267602,1.01713487287,0.830423376026,3.97869341197,2.03260087935,2.61876849785,1.32024541063,1.22730392931,3.77215793242,1.8109272486
209,D533bce5,2.96280168963,3.77231559182,3.87251911087,2.69093096799,1.63366467604,0.415242494197,3.78349788255,2.68714082118,3.50178325935,1.5017748122
210,D54d7678,1.82693153325,3.97858544455,3.87679093419,3.92877132945,3.81801809607,3.98889837956,3.69497484209,3.71397425075,3.94444706236,0.847801968533
211,D560cb36,3.97011700388,1.07792502722,2.8198769037,3.98616436791,3.13848147549,0.742769522261,2.39240071155,2.52174968644,0.434460211833,1.65434202858
212,D583f110,2.59413724497,2.94369412508,3.00787653394,1.30488056921,3.97167148903,2.1261778592,1.56560677927,3.95005767202,0.0896686362115,3.18521635978
213,D588a085,3.23394096542,3.76210724775,0.791125155292,3.5611797485,3.91176164555,3.98006329172,3.44074280917,1.45259595056,0.801161373546,3.03178863089
214,D58f8e3f,1.469344322,2.69491788154,3.52769084838,3.6055425512,3.2445362197,2.94143013222,3.272111726,2.76161404845,2.16170263702,3.88972645922
215,D5aaa79a,3.64470536903,2.8495182041,0.546382130595,2.75164042746,2.37561067467,2.57078668406,2.5219949002,2.35905147241,3.62922784464,2.41858547411
216,D6b04ad6,3.64731949746,3.14000622801,3.43615785449,3.29020927889,3.93027604167,0.679034849617,3.04599010602,3.34597580859,1.6437932581,2.14758323755
217,D6ee3b73,3.65392577811,1.15746230752,3.61882646832,3.40418649245,3.77306395394,2.9156110441,3.97417841462,1.53059448651,3.87255504198,3.95327340206
218,D73cd6ec,3.41336156618,3.6721575069,3.81134245835,3.87593356459,3.40157280414,2.73059688251,3.2951548069,2.88827318696,3.93425223952,2.21573172298
219,D74ef807,2.04786597713,1.32642327323,3.490277623,3.8168872476,1.78951437137,3.9880341939,3.56969193746,0.695152236536,3.9735672197,0.303071192915
220,D7746b8d,3.77369785163,0.795217481803,3.88500478291,1.5647255549,3.70290481765,2.30748526937,2.79096252396,3.89595344785,1.21155682296,3.92837745281
221,D7ed93e1,3.98088931973,2.8427856683,3.31725008529,2.03328967222,3.34324623023,3.9100246335,3.41570779303,2.90783506202,1.47673638812,2.97870354949
222,D8043e64,3.33909036629,3.22112369275,1.09804136358,2.10600979448,3.80397521019,2.95509033532,3.55271167777,1.46575459182,3.1962259629,1.7612898456
223,D82b727a,2.75940698932,3.65103616246,2.07394134974,2.42509927134,2.93767346789,2.69477806766,3.60834876161,3.10326682449,3.83887778074,3.59355502693
224,D85ab30b,2.70591081576,3.98419412406,2.91210501909,3.91950580822,1.94774091888,1.57994011264,3.92063172948,1.59950034856,3.5375836124,3.41213641061
225,D8df1e15,1.59106708421,3.65500322575,1.11951506099,1.12724348608,1.10250562782,3.48986580019,0.780723909565,0.258013561074,1.94255946028,3.04308397786
226,D986f819,0.11885650198,3.4414698026,1.09866030838,3.0764408645,1.89859073925,1.6568513785,3.93685633078,0.627157439061,3.65632500535,3.97349694402
227,D9ade0cf,3.26091910172,2.31215398704,1.08024922611,3.22214093241,2.91066847787,0.148063372066,2.91233617428,3.64489100946,2.31786432473,3.83943353202
228,D9cb3ad3,3.29698624081,2.72929282398,3.24803056509,3.32517773884,3.35763359376,1.41966070653,3.81943079622,3.98927735719,0.901786399144,3.05328285919
229,D9d83486,3.94243158371,1.67603712261,3.9849040665,1.57645478328,2.80632793122,2.46453711709,1.94126063839,1.16568056397,0.683599718373,3.8543221772
230,Da3e503b,2.71734871756,3.98876811055,3.88778330835,3.98257110338,3.98199204741,0.879358886267,3.61382389267,3.32603333881,3.8540150832,3.87254044506
231,Da7743b3,3.980729961,3.13038169776,2.53227423898,1.97011349713,3.76427935142,2.83805905461,3.77676912103,3.89977591869,2.89717196474,2.78072944012
232,Da8ca01e,2.86479164653,3.94506885652,3.6690385802,0.55955719422,1.81498492975,3.65441409633,3.53898177696,1.78979722081,3.83718698034,3.98461632012
233,Da954aeb,1.99059138575,3.98927453898,2.72090133551,3.66221185986,3.05960796259,3.5160929774,3.45552054693,3.56148038499,1.2105395818,3.69330326505
234,Da96daac,3.89254078798,2.17618391145,1.86150267824,3.26074743968,2.82839017904,3.94699899061,3.36922141342,3.98751027735,3.98012839035,2.56852619978
235,Daed79ac,3.82627333703,3.84740606776,2.90872336525,1.87248387379,0.492622750226,3.97243733206,0.919051350083,1.90751483709,1.57009942393,1.77900915307
236,Db368b6c,2.48651182816,2.12099423965,1.77018310072,3.89591195141,2.79844646818,2.66627435977,3.87021151642,1.21871248536,3.98367827414,3.22672519756
237,Dbbb374b,3.11001143702,2.23346802642,2.46107163967,3.77329353462,1.52705081594,3.70361483443,3.32888504629,1.13534295806,3.6265785297,3.11968509961
238,Dbdab326,3.92321922937,1.71534852108,3.44015617269,2.98483342476,0.619240253288,2.85769095814,3.18373361353,2.80056249506,3.97924632105,3.94633208078
239,Dbfaf7b9,3.01728884921,2.47600943366,0.0754641040426,2.68367827158,2.48832710849,3.92718588299,3.71957020426,3.88635604447,3.59082913387,3.62858437873
240,Dc421fe9,3.95192848723,0.50926136556,3.96735381649,3.35513563922,0.752023374815,3.76411990165,3.54673427473,3.84941469441,1.97674307169,3.58771167904
241,Dca95682,1.33893867411,3.79922945482,3.95673072864,3.8900153351,3.95552398203,2.74312133604,0.0560413296381,3.89129460849,3.93449529105,2.96176373723
242,Dd195599,0.109273186531,3.60564707615,3.37309631956,3.56514472641,2.93951944859,3.46611076859,3.98930935177,2.33523209142,3.51849007985,2.84675165692
243,Dd364064,3.98800366192,3.96819495412,0.748830417665,2.9434016901,3.8874258121,3.53748089538,1.75354002395,3.98748226433,1.72942536241,3.06323261713
244,Dd8813d4,3.56030061503,3.80140120399,3.52202185219,1.04835080118,3.17679364721,3.62705747813,3.97776842904,3.53806608741,3.96436353309,1.44467224248
245,Ddea8be1,2.35207007097,3.61380568338,2.36920837232,3.95751457379,1.27753111785,3.78042338942,3.37709291279,2.36910252519,3.72080207471,3.66627102724
246,De05a2a7,3.11944428842,3.98926756768,1.03539038758,1.66905965135,3.97873629865,2.10861837311,3.32812217392,3.89018452198,3.17095629133,3.92067250378
247,De0c64d9,2.52832902977,3.65655221004,2.82942023872,3.89185120909,3.29237537392,1.0389962084,2.84737084576,3.96729831033,3.94679128894,3.88827018043
248,De33bf27,1.47470292141,2.7054344522,2.98485913646,1.24925403731,3.69672789264,1.97180229263,3.34748218337,3.56679716902,2.25569079969,3.95108501275
249,Df297b87,2.65075935025,3.98784758682,2.40051578168,3.2630926653,1.51104828016,3.60270068047,1.7779457135,3.89721044077,2.04045017343,3.89702732132
250,Df36ece3,3.98941639279,2.97822696067,3.35044359084,3.98938002357,3.63422465481,2.56787614506,0.894265562767,3.3162111465,3.69182966101,2.85603439486
251,Df3b5d3a,3.7668506435,2.786197403,1.79934326064,3.23384643303,3.26524027207,0.943391196962,3.85635487599,3.85069651553,3.98931934612,3.82656534794
252,Df66241d,3.97289135247,3.98090829132,3.96490189357,3.88004447836,3.7655715753,3.92426065014,3.5784850281,0.681465930787,0.956916467754,3.77208512889
253,Dfbd8920,3.90305358009,2.53210330901,3.94655337997,3.96854039172,3.63537935904,3.83025732979,3.35740871934,3.43796945739,2.92884572632,3.85423315761
254,Dfbe9bed,2.84949088857,3.79126239262,2.88862182505,2.92205322971,3.89461813674,3.98476431911,1.46095997192,1.23662180354,0.745771166033,3.68848334758
255,Dfc617ad,0.967354978694,1.18537661331,3.13899025148,3.04185575065,2.34955065091,1.73540267443,2.22227232271,0.0246676191431,3.98612644826,0.197612584194
256,a04d3694,1.15659975771,3.69280421599,0.768085872594,2.01924909484,3.98858365348,3.9241495337,2.82026176897,1.0579716001,0.714096988673,3.51136648815
257,a0e4e1dc,2.60466896509,1.89792395921,3.98090929512,2.39190121906,3.71656943943,3.75895518556,3.86568324693,2.71537195519,1.85988490551,3.98375427952
258,a1202277,2.86474661315,3.62181607937,1.78059596787,3.78812735491,3.71290036623,3.92021634608,1.55499422905,2.93207744977,3.87413833433,1.6292572076
259,a404d10d,2.635350447,3.58744805968,3.50425713919,2.92553771984,3.67257548911,1.27287773272,3.21675677874,0.313309998933,1.42710759075,2.84078210537
260,a5beecc3,1.51213788049,3.76247325955,3.97206359816,2.38607904904,2.09735304158,3.81195104755,2.18802022201,3.9806601663,3.93918742252,3.61893822945
261,a5da4dd4,3.630815491,1.67992072837,0.318256570992,2.04727888253,1.57141385751,1.03372035167,3.50241676665,2.05415890504,0.961775046069,3.97826400019
262,a649df89,3.88502649542,3.07284688183,0.615242311015,1.46331695325,3.66620582573,3.92859684227,3.92382893042,2.46076796923,1.4624854608,0.848784781426
263,a657f223,3.81081161847,3.60049800184,3.88024599435,3.94717892378,3.9813926432,0.272503331763,3.94302420415,3.71815339028,3.63041731578,1.20497304194
264,a71d94fc,3.95936235976,3.46810577051,3.98924801968,0.111535807225,1.79768653227,1.389682266,2.08622744082,3.25232663025,0.62949805607,3.89188105844
265,a7dcd95a,3.0793325664,0.464623635114,2.95761586839,3.33160076603,1.54865311071,3.09306760431,2.39337877012,3.23615016997,3.97068944202,3.53499952737
266,a86b7b96,1.13350979997,3.88386931132,3.40259907063,3.98716521483,3.27455052853,3.98931099236,1.4740432315,3.65725839159,3.61715517621,2.43037149509
267,a8d76b5c,1.03723528941,3.96514597559,3.79043803665,1.68918517423,1.74326409749,1.96520916099,3.98835827678,1.27152090848,2.61356938869,0.491414206437
268,aa686c22,1.39848562062,3.27215253897,3.98868413402,3.92825905108,3.23648913561,2.39423958514,3.0421846278,3.84528610945,3.9668744415,1.26785774926
269,ab290d7e,1.22336130918,3.94239191712,3.06508635558,3.92306747081,3.93219098491,3.32729160468,1.92538639961,1.34188986797,3.98062317643,3.88920917708
270,abcbdbac,1.23385447474,2.48665250031,1.30246970885,0.560485544521,3.74369629808,0.773797383817,2.67511664664,3.77485548073,1.25798869159,3.85761149433
271,acfcad18,1.18783241194,3.90893274619,1.52687039733,3.69122986526,2.97939860162,3.19145500932,3.50764556269,0.274480887427,3.48903450383,3.00881605354
272,ad05dcef,1.52639076484,0.900232418641,3.9070321898,0.306674798326,1.5909318949,3.79982181991,3.17538523832,3.5010115885,2.0258735569,2.89345203446
273,ad172223,3.70862408601,2.49443998431,3.79992423306,3.8451567181,3.98552147171,3.97409801564,2.91540054889,3.25793770566,2.50127722985,3.9828938618
274,ad575037,0.0456735784271,3.06463966282,2.14534045677,3.69350058254,3.42330390341,2.06366872968,1.59123668935,2.16142997252,2.63881010972,3.3001959763
275,ae3f5dde,0.75057960523,2.00825580728,3.79176863715,3.82383305847,1.29723750216,2.46855817834,3.98790199616,2.26339202328,3.08247987408,2.84186930373
276,ae8d9cc4,3.56866616046,2.40669583551,3.74372128641,2.42828581609,3.7833457405,3.76815005446,0.56167088739,3.82446085701,3.76491380641,1.01211869781
277,af2ce246,2.52740337198,3.81581295618,3.00796216144,0.206015158855,3.71722943017,2.18402275699,3.98904473988,3.19839721216,2.54620594819,3.87115851152
278,af5f9b95,3.57394308361,3.97255969579,3.28751418489,3.01077388266,0.213828341691,1.03994174944,2.0487705469,2.03451642678,3.36595021633,0.514421437668
279,afb43df4,2.91391951322,0.754145558228,1.58127962433,3.68444448694,3.36128268351,3.21910343089,3.2983262225,3.43999291652,3.94008038107,2.03675075941
280,afe09ac1,3.30037314607,0.157677316659,3.08049339664,3.71179551506,1.2352670057,2.73012162316,2.41475255507,2.63172314604,3.68463859695,1.27293043452
281,b1125df6,3.28170701644,2.46210169774,3.73497875231,2.89407926181,1.82259440322,2.31776284587,2.7216263662,2.01241444883,3.67803723595,3.24374721837
282,b1952d97,3.84416449163,3.24039695901,1.71650002517,1.79275214714,2.47558402026,1.89015865436,3.98875855971,3.09367476329,3.44011376768,3.6900832393
283,b29844d7,2.99397401324,3.63742282992,3.97712457176,3.96581332486,3.09102137535,2.94704840116,3.14677893409,3.39730231955,0.941113513827,2.85713058095
284,b3948cc6,3.87021615622,3.77225555094,3.794183005,1.20225119616,0.0377275506702,3.90034131089,0.666881830647,3.89782938853,2.06655430714,0.331472770517
285,b4034ffd,1.85244473977,3.95513001794,3.04322408921,1.99333572004,1.17832830533,0.228646614171,2.77761446475,2.22597542622,3.68958176158,3.05908136993
286,b582ee4a,2.31090960721,3.52762026739,1.97190745264,0.642379931501,0.321239202823,0.405009968581,3.98182589506,3.88221410435,3.83880254779,3.03529460781
287,b6014608,2.37203730609,0.0766875991541,3.92772005761,1.71137630168,3.29751209502,3.49455297792,3.74096968098,0.486204726235,0.445488147894,3.4986796208
288,b81786c2,3.12245063712,2.17137324711,3.6082295035,1.68281811017,2.48946406941,3.0416001831,2.42403908434,0.957038397957,1.60418199916,2.60326055303
289,b8bc85da,3.04280102971,3.92707212184,3.97698310734,1.29004034931,3.41379282389,3.75671891668,3.22729367979,2.43009522768,1.88729349434,3.5699539668
290,ba762333,2.53420456688,3.98277698609,2.60577463492,2.73398490092,3.95635971017,2.9611373421,2.98011557554,2.7257437659,3.03858433206,3.96285126214
291,baab8d2a,3.15533761312,1.08579118299,1.96292617398,2.05858976054,2.43382694714,2.3122742834,2.30756221344,3.46440593339,1.49384900917,1.82994829483
292,bab4359b,0.748121806918,1.23816551691,2.55245615996,1.95209138764,3.69975376985,0.807052001846,1.31104282675,0.376816452934,2.84844949311,3.69911651421
293,bac761ba,3.92443136345,2.05560240872,0.358235871113,3.95671166865,3.87674854479,1.07852387139,3.90776703711,3.97870752389,3.37010471975,3.85597057005
294,bb9dcdb2,3.10078767106,3.89686801794,3.96239806401,2.29224181519,3.23726490576,3.8186559058,3.88377543791,2.85494398163,0.805452299225,3.93408996044
295,bc9ba8a1,3.69239907031,3.64380867652,3.98799692894,1.83700644972,1.63771168766,3.13454979152,3.4942485956,1.42538240353,2.27221811742,3.5689482768
296,bd751741,3.94914737727,3.87152492471,3.77906856357,3.90965288474,3.96321341822,1.556289865,3.98835590204,3.84126011731,3.7742912649,2.36890321291
297,be748090,1.56488989658,3.98167150873,1.60706012675,1.29680587426,2.95918205947,2.79586507548,3.82500393759,3.98931875411,3.58787434874,3.41916226519
298,befbadba,2.89537495299,3.83678269008,0.728461065504,2.94824833514,1.46254851776,1.79771779986,2.59465449196,3.08101953567,2.16405952516,3.47279308667
299,bf3b8efe,3.32849706875,2.63496119766,2.21059152998,2.73893468319,3.55531830826,3.18571356695,3.22189682085,3.85364623167,1.44127147255,3.08380485792
300,bf3c51aa,1.04083580671,1.06156447121,3.94409327308,2.31517079653,1.60070925908,1.50196207216,3.5919376817,1.54391506234,1.5754318779,3.44987318432
301,bfa9fcde,1.44645797972,2.59016330292,3.83502353395,2.71400201317,0.343489577191,1.04911074592,0.283530310593,3.60138045157,3.65620189141,2.73522944899
302,c1fe2e3b,3.72096330363,2.11549159831,3.95696056628,1.05556868084,3.78269986919,3.40974008024,3.59748612615,2.53974642444,3.12803410502,1.17911192883
303,c20327e5,1.67743600251,0.816025959517,2.17828968747,2.29231366365,2.15185451684,3.30395686743,3.98365927821,2.70462391838,3.55979564981,3.92191520807
304,c2e4dde2,2.49430562837,3.00360719171,3.21458321661,0.95495864535,0.475420094103,2.06595130526,2.62423461748,0.428117236274,3.82971218789,3.63518569162
305,c3d4b298,2.50211540706,3.83959481479,1.85984174677,3.97707237814,1.70966855451,3.68622340844,1.30143572046,2.89586887648,3.62050971907,2.70678716776
306,c510560f,3.82738753909,2.94351198328,3.80021476565,0.558987011226,3.71222760893,3.98469676226,3.98430701202,3.95939307023,3.98857827479,3.46549918022
307,c87b7a32,3.78082452913,3.98503546103,2.65521109675,2.37684125313,3.6391426988,1.78940362634,3.21038757472,2.62856873042,3.2100669037,3.93898374969
308,c929b4f6,0.913252331523,3.51302303228,2.39171993976,1.44985454174,1.87891172121,3.49632794708,3.94441182231,1.83918592595,2.93351511769,3.98937930965
309,c98f4012,0.359710247392,0.556868477707,0.88597946932,3.78022361769,2.91093958766,0.69676621656,3.03429233795,3.98901728737,3.59086952551,1.38158685377
310,c9fb332e,2.18568173034,3.98845002555,3.84685301744,1.58060576379,0.862942859386,3.6153145807,2.15087394714,2.55596965397,0.207833274157,2.54095613061
311,ca3d841b,3.43033429761,3.27640625718,1.58916575576,3.98675497508,1.76873954609,1.96642251902,3.48607981578,3.81887126236,3.81123133283,3.43930321401
312,cc1d774e,2.90152991044,2.71689015928,1.56436563374,3.98733609943,3.92738417854,0.255976002979,3.91696337233,1.83283792792,3.11142365505,3.06124009743
313,cc62c1a6,3.86102521216,3.12473152918,3.85974122033,3.41412565882,3.95803223989,0.293663286278,0.437274530114,3.84769304587,1.1148301507,1.11667185372
314,ccf840d9,3.77723073965,2.40604438783,2.1713285388,1.73406181028,3.08036669934,2.55291785152,3.89699642121,1.86278905067,3.98941370725,3.89565995834
315,cd12c6dc,3.85512707977,2.07346530409,2.94496757378,3.98334237141,3.14698653425,3.63571220075,2.40030454362,3.77792166692,3.94237374696,3.53106072201
316,ce986485,3.75593965461,3.92975099582,2.4030094703,1.24968583343,3.91140359111,3.7485233917,3.95304340837,0.958230685867,1.75742836822,2.61043363702
317,ceb7f866,3.4149049278,2.34767075919,3.97360258302,3.18962148785,3.74327160426,3.91527313685,3.91051419084,2.24027515631,3.45503211659,2.74313966466
318,d0d4c681,3.95093336623,3.98559922875,0.263783767721,3.45410454076,3.31601792163,3.21689940546,1.61682346347,3.72462663611,3.09299783031,2.82946383362
319,d1f4b2d4,3.46154871454,3.8256987882,3.98616498684,3.92023380666,2.42314170101,2.98328398981,3.49281178486,3.89916312287,3.00261330643,2.71451062875
320,d3293cf4,1.72643334432,3.92413938406,3.98807126965,3.46727482618,3.09080036107,1.64499981963,1.62688308152,3.987059434,3.98492424012,3.98913191375
321,d4ec4676,0.520233465001,0.931173282543,3.98526660044,3.28397258548,1.18906726762,3.50714812712,3.9106928637,3.84442841601,3.09399778591,3.96149964563
322,d522f159,1.67017269081,3.976092785,3.84901626672,0.0327542083779,3.64024090823,3.97545502849,3.28693888434,3.53304503298,3.74868119996,3.91805454534
323,d68d3f9f,3.20565493019,2.93934528465,3.22130588936,3.2261801109,3.94018243472,2.61715892301,3.53405461629,3.57968441876,2.14076456829,3.2538605708
324,d76e4a87,3.83084816631,1.6343290951,2.89827975392,0.426178217609,3.94932675393,0.458522746237,3.94167265475,3.67367251708,3.09559061776,3.88962364078
325,d83e5893,2.58681765296,3.29509115668,3.91094635251,3.77801045021,1.21322001475,3.76630626508,2.96882507696,3.10618281191,1.70608667082,3.89534940178
326,da9bca4f,2.55014553276,3.04871472774,3.83852604522,0.834265342935,3.96474867302,3.12922258942,3.67111060692,3.95256419337,0.256325583593,1.42127173043
327,dab3f51f,3.09934233538,3.3662590958,2.57953719091,3.98486353913,3.58705440572,2.30722821761,0.622811459422,2.60942406893,2.3725192882,3.6678885951
328,daf8a3da,2.59671778598,1.75480735852,1.63860701269,3.70784338397,3.19791729878,3.93773061312,0.359818795872,1.85162467417,3.41440389035,1.07685399353
329,db4c66e5,2.53923472673,3.97585527638,0.849381091429,1.59221454509,3.86902940057,3.343499033,3.98867421122,2.45084608236,2.85190741809,3.05477890301
330,db6e3235,3.52117562242,3.73680708106,2.50161540877,2.52077936099,3.9606339964,0.786281743614,3.9172234751,3.87935020019,1.00933716732,2.89937678491
331,dc7e7551,2.09075177295,3.92531742273,1.58636245633,3.44661227798,3.98439648714,3.58991826772,3.64863733866,3.80520587481,3.79600865985,0.137258857957
332,dd32c4e6,3.77892445212,0.770072956387,3.69873051156,3.45312226763,1.51431988612,0.61944847341,3.80171980608,3.80252696082,3.62735055204,1.95847978655
333,dd446f6b,2.13159458247,3.79675003909,3.97912365807,2.77776327348,1.85916669549,0.795606393372,3.71729534691,3.66582826529,3.9022750043,0.840956078763
334,de0c453b,3.95232095723,1.28805320748,3.24525071031,1.67267235142,3.1433954305,1.59703733644,2.58077459889,0.748811323008,3.54834547869,2.57525662317
335,de67c3e6,2.58481360594,1.57334473544,3.96088576883,1.42077669117,3.95330174904,3.33226353766,0.375415559419,3.09753417295,3.35820571461,3.88808172111
336,dfbf3fbc,0.0295958207411,3.69339832746,3.98912646965,0.794405694183,3.98873134627,0.155287501714,1.73091776097,3.71602825461,2.72163078983,3.98932492672
337,e09b350e,2.02447573102,2.37295822635,3.90818583309,3.9771703017,2.86300998468,3.98624424968,3.75375598598,3.87708382531,3.7509094994,3.67540402641
338,e120d384,3.9173463692,3.38345906699,3.11588616376,3.04526448256,2.86546352637,3.70239091414,3.16751487521,3.46670547841,3.00288371078,3.21355712744
339,e16441f5,2.29208476758,3.25806993545,2.33938573918,3.90553161347,3.95242447667,1.35413418099,3.37769125769,3.43087832873,3.68309511145,1.89698830611
340,e32ed82f,3.46780168838,0.597616052253,2.96220381549,1.2627131785,3.9772275695,2.05222184113,3.76465192667,2.01751985374,3.61706490023,2.6390852236
341,e51bb3c5,3.58180658508,3.86721138888,3.96184566782,2.81934570678,1.03241569564,2.4241981297,3.92123432081,1.44834732218,3.97795281867,2.56486926139
342,e5afaf49,3.91869944081,3.68026994027,3.93598120339,2.08825542593,3.22855413596,2.25388229322,3.68101753377,3.5581086565,3.46541600358,3.89680241619
343,e5db18ae,1.77814788887,3.98898784875,1.27020375127,3.94724617094,0.731220332586,1.44396717876,2.32023461959,1.74908516489,2.68126610373,3.96186397723
344,e61282c3,1.69306973174,3.95896088991,3.41896026285,1.67610575435,3.9578357087,3.91532602161,2.90801226418,1.08388723698,3.28034474471,2.71727879354
345,e63fe976,1.90562420513,3.74779629718,3.65903212858,2.91178181968,0.488189638833,2.98233498281,3.9117954862,3.09665114509,3.56036846302,1.21969995215
346,e6e87e2d,2.83541175638,2.86735412169,1.08799030995,3.58204460632,3.85651214643,3.34005425298,3.95994130922,2.20634418144,2.77962688702,3.88519999075
347,e723d03d,3.90396505871,3.79360976255,2.59675668376,3.97090623356,3.7926190518,1.42605146335,1.88825446379,3.46535447712,2.21856212665,1.36582247709
348,e7e7616c,3.94527284543,3.21707133514,2.02578489266,3.94349237803,0.870022641305,1.62139808708,3.37772155276,3.03703548449,1.68189577748,1.64299066886
349,e995fb84,0.71432388594,2.47482863453,3.98107915413,1.39356711632,2.36591813838,3.41716031591,3.98743688095,3.78955609372,1.50694314206,3.90905813003
350,ea7ff6a2,2.75113456902,0.807502116299,0.767796231424,2.03834076356,0.0668920500008,3.79362859443,0.721425617903,3.60721265303,3.70169963701,3.00413942454
351,ea9ce120,0.292145686522,3.29752932148,3.98179009667,1.08697911031,2.98396146268,0.367793744993,3.41455183645,3.28159196077,3.98937892488,1.70732001554
352,eae10663,3.6452584608,3.31959712442,2.69027331039,3.98669359992,3.03059013114,3.46074842879,3.57610916174,2.73415272478,3.5879791853,0.679901189456
353,eae5d776,1.72590765907,1.55611059041,0.490130820724,0.434101221043,1.44912470026,2.78065503668,3.98805866521,3.95277874188,2.59356592463,3.73484719517
354,eb0f1e64,3.6800509726,2.57800624345,2.66680154677,3.96627726883,1.41461318838,3.69434888884,3.98434488462,3.58390027515,3.71383522213,2.51151807
355,ecc9e816,1.97892611059,3.98711376096,3.98653633703,0.887890481205,1.79403585078,3.91263833728,3.92875857095,3.73550151304,3.9503484263,3.20099716542
356,ed23b281,2.30285131968,2.81317226393,3.9099863353,3.64293745967,3.60948155322,0.281737087276,2.83009177625,3.94171507342,2.36413235685,1.5775117642
357,f03f86b8,3.5825704946,3.95014305869,1.36649655371,3.76212774948,2.60554877987,3.9392900245,2.72864217905,3.28324431505,3.12821130195,2.32666880401
358,f1633421,1.43312028616,2.86282759318,1.30663824357,3.98255565851,3.84715212211,1.96702658187,1.71915749687,3.97089904458,0.933019885103,3.98139343021
359,f206e38c,3.22595935017,3.94964470995,2.82590906754,1.933013591,2.68555700553,3.3261249753,3.6389742288,3.98481034205,3.98402551666,1.94243298663
360,f268a5eb,3.18270500835,2.19585570648,3.9864720422,0.247832015507,3.27641576466,0.900423450895,3.59844434989,3.91323675436,3.35082348702,3.08859589243
361,f49fa596,2.41444564254,0.714438565706,2.51520345204,3.83048532965,2.32440688582,3.86986939106,3.88054755416,0.71969273686,2.54867720256,2.04196755263
362,f7435332,3.98850425802,3.98889579967,3.56855780318,3.97568580825,3.88898891552,1.23439174501,2.82815565068,3.50457604065,3.2211120965,3.33259053487
363,f83ae410,3.35335520817,2.75014968977,3.91597905019,3.82332496471,0.845816867865,3.38203860406,3.11238397453,3.91653769552,2.54140212756,3.97477590872
364,f848fafa,3.98737349927,3.89763946063,1.99547348846,3.96903029683,3.04271587588,2.16069206395,3.77619009868,3.85115838957,3.51107087296,3.98938697262
365,f951b084,3.31910180982,3.9819627951,2.64024020762,3.96387431501,1.35492394801,3.18955397764,1.69146805194,2.70198348882,3.45288478113,1.22468496003
366,fa04bb2e,2.67066124629,3.61690735057,3.98685103743,2.98856874164,3.68521694135,3.85731517611,3.29379759947,3.89831170193,1.33550524409,3.53298465922
367,fb9e64d3,1.96854106807,3.30724780522,2.69190399082,3.30430651603,3.02414858159,3.75978389317,3.69773770314,1.68651721981,2.14803891244,3.98827707328
368,fc51a6f9,3.55079089681,3.74184570201,3.98941323063,3.92858443858,1.24889229728,1.49771538359,3.01312612666,2.06714933125,1.66921170524,3.98615788847
369,fcc5d86e,2.90224463965,3.98937312699,1.83878897184,3.41595196446,1.14332707007,2.79489383854,3.00904630973,3.66442228249,0.488297949396,2.46481599688
370,fded8cc3,3.92983990709,3.988004199,3.63872536172,3.88933077544,1.92988998027,0.454548805762,3.85351486083,3.92642435127,3.27193972655,3.04324574349
371,fe0851aa,3.76014483879,3.73655298254,2.83367757659,1.14607535665,3.10162603567,2.79720107383,3.14769067633,2.83357788203,0.606476353463,2.72902284146
372,ffe03bba,2.56914023948,3.98714913876,3.71605094683,2.96552951804,3.19421041455,3.72981188938,0.612203220432,2.13454336911,3.9885014361,3.98941634937
